#REFERENCE LIST;ALGORITHM;P;PREFIX SIZE;RBO_SCORE
TOTALS;betw_dbo_onto;0.93719482421875;20;0.23551693327940582
TOTALS;betw_dbo_onto;0.9683837890625;40;0.2559597380787434
TOTALS;betw_dbo_onto;0.9788665771484375;60;0.2842919572784412
TOTALS;betw_dbo_onto;0.984130859375;80;0.3116843846237443
TOTALS;betw_dbo_onto;0.9872894287109375;100;0.3356509715868278
TOTALS;betw_dbo_onto;0.989410400390625;120;0.3560309420180456
TOTALS;betw_dbo_onto;0.9909210205078125;140;0.3728631830722832
TOTALS;betw_dbo_onto;0.9920501708984375;160;0.38656783401749834
TOTALS;betw_dbo_onto;0.9929351806640625;180;0.39772849763865464
TOTALS;betw_dbo_onto;0.9936370849609375;200;0.40657939999790144
TOTALS;betw_dbo_onto;0.9942169189453125;220;0.4136510889003051
TOTALS;betw_dbo_onto;0.9946975708007812;240;0.41914722812483673
TOTALS;betw_dbo_onto;0.9951019287109375;260;0.42335128752327367
TOTALS;betw_dbo_onto;0.995452880859375;280;0.426556222067702
TOTALS;betw_dbo_onto;0.995758056640625;300;0.428899912296929
TOTALS;betw_dbo_onto;0.9960212707519531;320;0.4305055699645258
TOTALS;betw_dbo_onto;0.9962539672851562;340;0.43153727451941853
TOTALS;betw_dbo_onto;0.9964637756347656;360;0.4321005801228257
TOTALS;betw_dbo_onto;0.9966506958007812;380;0.43226493848269953
TOTALS;betw_dbo_onto;0.9968166351318359;400;0.43210927584416137
TOTALS;betw_dbo_onto;0.9969673156738281;420;0.4316939139462038
TOTALS;betw_dbo_onto;0.9971046447753906;440;0.431065044533292
TOTALS;betw_dbo_onto;0.9972305297851562;460;0.4302597035334482
TOTALS;betw_dbo_onto;0.9973468780517578;480;0.4293045816829569
TOTALS;betw_dbo_onto;0.9974517822265625;500;0.4282568202573491
TOTALS;bridging_dbo_onto;0.93719482421875;20;0.018408959464610724
TOTALS;bridging_dbo_onto;0.9683837890625;40;0.07144567338407416
TOTALS;bridging_dbo_onto;0.9788665771484375;60;0.12152075985643505
TOTALS;bridging_dbo_onto;0.984130859375;80;0.16403359990412753
TOTALS;bridging_dbo_onto;0.9872894287109375;100;0.19961116584452726
TOTALS;bridging_dbo_onto;0.989410400390625;120;0.22962131298902416
TOTALS;bridging_dbo_onto;0.9909210205078125;140;0.2547070417095806
TOTALS;bridging_dbo_onto;0.9920501708984375;160;0.27566595838382435
TOTALS;bridging_dbo_onto;0.9929351806640625;180;0.29338508390020873
TOTALS;bridging_dbo_onto;0.9936370849609375;200;0.30813606904255064
TOTALS;bridging_dbo_onto;0.9942169189453125;220;0.320656917682176
TOTALS;bridging_dbo_onto;0.9946975708007812;240;0.33114229599551614
TOTALS;bridging_dbo_onto;0.9951019287109375;260;0.33993088743575983
TOTALS;bridging_dbo_onto;0.995452880859375;280;0.34744330587569366
TOTALS;bridging_dbo_onto;0.995758056640625;300;0.3538122195333451
TOTALS;bridging_dbo_onto;0.9960212707519531;320;0.3591218607262109
TOTALS;bridging_dbo_onto;0.9962539672851562;340;0.3636248898773634
TOTALS;bridging_dbo_onto;0.9964637756347656;360;0.3674903197453616
TOTALS;bridging_dbo_onto;0.9966506958007812;380;0.3707450440973754
TOTALS;bridging_dbo_onto;0.9968166351318359;400;0.37345847507395935
TOTALS;bridging_dbo_onto;0.9969673156738281;420;0.3757573152191939
TOTALS;bridging_dbo_onto;0.9971046447753906;440;0.37769773887344327
TOTALS;bridging_dbo_onto;0.9972305297851562;460;0.379331959632449
TOTALS;bridging_dbo_onto;0.9973468780517578;480;0.38070690376324257
TOTALS;bridging_dbo_onto;0.9974517822265625;500;0.38182487172572377
TOTALS;deg_dbo_onto;0.93719482421875;20;0.18067912318304882
TOTALS;deg_dbo_onto;0.9683837890625;40;0.18220981795501093
TOTALS;deg_dbo_onto;0.9788665771484375;60;0.19849963645860766
TOTALS;deg_dbo_onto;0.984130859375;80;0.220478053167245
TOTALS;deg_dbo_onto;0.9872894287109375;100;0.24380582784372928
TOTALS;deg_dbo_onto;0.989410400390625;120;0.2665455714203683
TOTALS;deg_dbo_onto;0.9909210205078125;140;0.287305036594765
TOTALS;deg_dbo_onto;0.9920501708984375;160;0.3055020505613796
TOTALS;deg_dbo_onto;0.9929351806640625;180;0.32115790071519773
TOTALS;deg_dbo_onto;0.9936370849609375;200;0.334089182058102
TOTALS;deg_dbo_onto;0.9942169189453125;220;0.3447296864411241
TOTALS;deg_dbo_onto;0.9946975708007812;240;0.3531667322082601
TOTALS;deg_dbo_onto;0.9951019287109375;260;0.3596918393645755
TOTALS;deg_dbo_onto;0.995452880859375;280;0.36467278712757056
TOTALS;deg_dbo_onto;0.995758056640625;300;0.36827293666533406
TOTALS;deg_dbo_onto;0.9960212707519531;320;0.3706588219533401
TOTALS;deg_dbo_onto;0.9962539672851562;340;0.37207368205082003
TOTALS;deg_dbo_onto;0.9964637756347656;360;0.3726747050313313
TOTALS;deg_dbo_onto;0.9966506958007812;380;0.3725763195305472
TOTALS;deg_dbo_onto;0.9968166351318359;400;0.3719127236125111
TOTALS;deg_dbo_onto;0.9969673156738281;420;0.37077898044744695
TOTALS;deg_dbo_onto;0.9971046447753906;440;0.36925453407192044
TOTALS;deg_dbo_onto;0.9972305297851562;460;0.3674032780195914
TOTALS;deg_dbo_onto;0.9973468780517578;480;0.36527042461821546
TOTALS;deg_dbo_onto;0.9974517822265625;500;0.3629709340126181
TOTALS;harm_dbo_onto;0.93719482421875;20;0.018560098160029938
TOTALS;harm_dbo_onto;0.9683837890625;40;0.05993306316408425
TOTALS;harm_dbo_onto;0.9788665771484375;60;0.10227403918362343
TOTALS;harm_dbo_onto;0.984130859375;80;0.14258093892999524
TOTALS;harm_dbo_onto;0.9872894287109375;100;0.17991534756615904
TOTALS;harm_dbo_onto;0.989410400390625;120;0.21413143021301212
TOTALS;harm_dbo_onto;0.9909210205078125;140;0.24465326712418892
TOTALS;harm_dbo_onto;0.9920501708984375;160;0.271445665126491
TOTALS;harm_dbo_onto;0.9929351806640625;180;0.2949535430827753
TOTALS;harm_dbo_onto;0.9936370849609375;200;0.31506683347979075
TOTALS;harm_dbo_onto;0.9942169189453125;220;0.33247675714481834
TOTALS;harm_dbo_onto;0.9946975708007812;240;0.3472508534457901
TOTALS;harm_dbo_onto;0.9951019287109375;260;0.3597314163198125
TOTALS;harm_dbo_onto;0.995452880859375;280;0.37043323636180486
TOTALS;harm_dbo_onto;0.995758056640625;300;0.37949518357718254
TOTALS;harm_dbo_onto;0.9960212707519531;320;0.3870093943621396
TOTALS;harm_dbo_onto;0.9962539672851562;340;0.3933216077897949
TOTALS;harm_dbo_onto;0.9964637756347656;360;0.3986642699584918
TOTALS;harm_dbo_onto;0.9966506958007812;380;0.40307730731147245
TOTALS;harm_dbo_onto;0.9968166351318359;400;0.40666622082810805
TOTALS;harm_dbo_onto;0.9969673156738281;420;0.40961220425040595
TOTALS;harm_dbo_onto;0.9971046447753906;440;0.41200040312279196
TOTALS;harm_dbo_onto;0.9972305297851562;460;0.41390968946928475
TOTALS;harm_dbo_onto;0.9973468780517578;480;0.41540969586837073
TOTALS;harm_dbo_onto;0.9974517822265625;500;0.4165226135127492
TOTALS;rad_dbo_onto;0.93719482421875;20;0.06420443693175991
TOTALS;rad_dbo_onto;0.9683837890625;40;0.09210648214444182
TOTALS;rad_dbo_onto;0.9788665771484375;60;0.1265990622014151
TOTALS;rad_dbo_onto;0.984130859375;80;0.1620650126498008
TOTALS;rad_dbo_onto;0.9872894287109375;100;0.19627584573088913
TOTALS;rad_dbo_onto;0.989410400390625;120;0.22840147058311813
TOTALS;rad_dbo_onto;0.9909210205078125;140;0.25752240599365245
TOTALS;rad_dbo_onto;0.9920501708984375;160;0.2833815859235464
TOTALS;rad_dbo_onto;0.9929351806640625;180;0.3062773002607741
TOTALS;rad_dbo_onto;0.9936370849609375;200;0.32601801836186073
TOTALS;rad_dbo_onto;0.9942169189453125;220;0.34322486964113796
TOTALS;rad_dbo_onto;0.9946975708007812;240;0.3579245342710403
TOTALS;rad_dbo_onto;0.9951019287109375;260;0.37042497305767874
TOTALS;rad_dbo_onto;0.995452880859375;280;0.3812179689058882
TOTALS;rad_dbo_onto;0.995758056640625;300;0.39042502641788773
TOTALS;rad_dbo_onto;0.9960212707519531;320;0.3981211644086426
TOTALS;rad_dbo_onto;0.9962539672851562;340;0.40464386390948054
TOTALS;rad_dbo_onto;0.9964637756347656;360;0.41022095844539924
TOTALS;rad_dbo_onto;0.9966506958007812;380;0.41488225659218153
TOTALS;rad_dbo_onto;0.9968166351318359;400;0.41872558853606406
TOTALS;rad_dbo_onto;0.9969673156738281;420;0.4219326369091661
TOTALS;rad_dbo_onto;0.9971046447753906;440;0.42458555105956924
TOTALS;rad_dbo_onto;0.9972305297851562;460;0.42676147172502266
TOTALS;rad_dbo_onto;0.9973468780517578;480;0.42852959328838824
TOTALS;rad_dbo_onto;0.9974517822265625;500;0.42990313726217433
TOTALS;adapted_betw_dbo_onto;0.93719482421875;20;0.33305579827880843
TOTALS;adapted_betw_dbo_onto;0.9683837890625;40;0.4348494121851502
TOTALS;adapted_betw_dbo_onto;0.9788665771484375;60;0.49369790128061053
TOTALS;adapted_betw_dbo_onto;0.984130859375;80;0.5345695653596835
TOTALS;adapted_betw_dbo_onto;0.9872894287109375;100;0.5658632351802341
TOTALS;adapted_betw_dbo_onto;0.989410400390625;120;0.5914202008188275
TOTALS;adapted_betw_dbo_onto;0.9909210205078125;140;0.6128406389128142
TOTALS;adapted_betw_dbo_onto;0.9920501708984375;160;0.631226846490247
TOTALS;adapted_betw_dbo_onto;0.9929351806640625;180;0.6474831834133166
TOTALS;adapted_betw_dbo_onto;0.9936370849609375;200;0.6618232483717181
TOTALS;adapted_betw_dbo_onto;0.9942169189453125;220;0.6748476243615718
TOTALS;adapted_betw_dbo_onto;0.9946975708007812;240;0.6866064533950764
TOTALS;adapted_betw_dbo_onto;0.9951019287109375;260;0.6972869931535104
TOTALS;adapted_betw_dbo_onto;0.995452880859375;280;0.7072261544184658
TOTALS;adapted_betw_dbo_onto;0.995758056640625;300;0.7164399839794626
TOTALS;adapted_betw_dbo_onto;0.9960212707519531;320;0.7248628027153668
TOTALS;adapted_betw_dbo_onto;0.9962539672851562;340;0.7327137986846333
TOTALS;adapted_betw_dbo_onto;0.9964637756347656;360;0.7401481653691172
TOTALS;adapted_betw_dbo_onto;0.9966506958007812;380;0.7470792182317442
TOTALS;adapted_betw_dbo_onto;0.9968166351318359;400;0.7534935913699596
TOTALS;adapted_betw_dbo_onto;0.9969673156738281;420;0.759545571029737
TOTALS;adapted_betw_dbo_onto;0.9971046447753906;440;0.7652615656760153
TOTALS;adapted_betw_dbo_onto;0.9972305297851562;460;0.7706785850351207
TOTALS;adapted_betw_dbo_onto;0.9973468780517578;480;0.7758440426117426
TOTALS;adapted_betw_dbo_onto;0.9974517822265625;500;0.7806385715829044
TOTALS;adapted_bridging_dbo_onto;0.93719482421875;20;0.33016003726786947
TOTALS;adapted_bridging_dbo_onto;0.9683837890625;40;0.4339456177138909
TOTALS;adapted_bridging_dbo_onto;0.9788665771484375;60;0.4903775534092796
TOTALS;adapted_bridging_dbo_onto;0.984130859375;80;0.5270334086092434
TOTALS;adapted_bridging_dbo_onto;0.9872894287109375;100;0.5538410248029114
TOTALS;adapted_bridging_dbo_onto;0.989410400390625;120;0.5752873122736586
TOTALS;adapted_bridging_dbo_onto;0.9909210205078125;140;0.5932189778626625
TOTALS;adapted_bridging_dbo_onto;0.9920501708984375;160;0.6087241625281722
TOTALS;adapted_bridging_dbo_onto;0.9929351806640625;180;0.622586491587789
TOTALS;adapted_bridging_dbo_onto;0.9936370849609375;200;0.6349557759999941
TOTALS;adapted_bridging_dbo_onto;0.9942169189453125;220;0.6463054063648387
TOTALS;adapted_bridging_dbo_onto;0.9946975708007812;240;0.656638390101951
TOTALS;adapted_bridging_dbo_onto;0.9951019287109375;260;0.6660842515222779
TOTALS;adapted_bridging_dbo_onto;0.995452880859375;280;0.6749157080513416
TOTALS;adapted_bridging_dbo_onto;0.995758056640625;300;0.6831289496740253
TOTALS;adapted_bridging_dbo_onto;0.9960212707519531;320;0.6906516415873271
TOTALS;adapted_bridging_dbo_onto;0.9962539672851562;340;0.6976700794687387
TOTALS;adapted_bridging_dbo_onto;0.9964637756347656;360;0.7043168811519674
TOTALS;adapted_bridging_dbo_onto;0.9966506958007812;380;0.7105104815657698
TOTALS;adapted_bridging_dbo_onto;0.9968166351318359;400;0.7162366063702047
TOTALS;adapted_bridging_dbo_onto;0.9969673156738281;420;0.7216317832474684
TOTALS;adapted_bridging_dbo_onto;0.9971046447753906;440;0.7267189484647493
TOTALS;adapted_bridging_dbo_onto;0.9972305297851562;460;0.7315309344933618
TOTALS;adapted_bridging_dbo_onto;0.9973468780517578;480;0.7361100143235701
TOTALS;adapted_bridging_dbo_onto;0.9974517822265625;500;0.7403510979178141
TOTALS;adapted_deg_dbo_onto;0.93719482421875;20;0.3547296993043003
TOTALS;adapted_deg_dbo_onto;0.9683837890625;40;0.4220968005666401
TOTALS;adapted_deg_dbo_onto;0.9788665771484375;60;0.4658645458824893
TOTALS;adapted_deg_dbo_onto;0.984130859375;80;0.4985406516400396
TOTALS;adapted_deg_dbo_onto;0.9872894287109375;100;0.5250760436259222
TOTALS;adapted_deg_dbo_onto;0.989410400390625;120;0.5478125865910132
TOTALS;adapted_deg_dbo_onto;0.9909210205078125;140;0.5675306002756293
TOTALS;adapted_deg_dbo_onto;0.9920501708984375;160;0.5847840903990741
TOTALS;adapted_deg_dbo_onto;0.9929351806640625;180;0.6001287935426803
TOTALS;adapted_deg_dbo_onto;0.9936370849609375;200;0.6135961863614432
TOTALS;adapted_deg_dbo_onto;0.9942169189453125;220;0.6256634667238592
TOTALS;adapted_deg_dbo_onto;0.9946975708007812;240;0.6363441381984686
TOTALS;adapted_deg_dbo_onto;0.9951019287109375;260;0.6458134782350574
TOTALS;adapted_deg_dbo_onto;0.995452880859375;280;0.6543876981148689
TOTALS;adapted_deg_dbo_onto;0.995758056640625;300;0.6621038195145051
TOTALS;adapted_deg_dbo_onto;0.9960212707519531;320;0.6689433908053525
TOTALS;adapted_deg_dbo_onto;0.9962539672851562;340;0.6751220046401538
TOTALS;adapted_deg_dbo_onto;0.9964637756347656;360;0.6807892651044075
TOTALS;adapted_deg_dbo_onto;0.9966506958007812;380;0.6859062970632327
TOTALS;adapted_deg_dbo_onto;0.9968166351318359;400;0.690494927922183
TOTALS;adapted_deg_dbo_onto;0.9969673156738281;420;0.6946923575714993
TOTALS;adapted_deg_dbo_onto;0.9971046447753906;440;0.6985375413184445
TOTALS;adapted_deg_dbo_onto;0.9972305297851562;460;0.7020737322423902
TOTALS;adapted_deg_dbo_onto;0.9973468780517578;480;0.7053473461645213
TOTALS;adapted_deg_dbo_onto;0.9974517822265625;500;0.7082996618716371
TOTALS;adapted_harm_dbo_onto;0.93719482421875;20;0.31055747408552015
TOTALS;adapted_harm_dbo_onto;0.9683837890625;40;0.3657681252608425
TOTALS;adapted_harm_dbo_onto;0.9788665771484375;60;0.3880084773835805
TOTALS;adapted_harm_dbo_onto;0.984130859375;80;0.40163251206213135
TOTALS;adapted_harm_dbo_onto;0.9872894287109375;100;0.4132680416014114
TOTALS;adapted_harm_dbo_onto;0.989410400390625;120;0.4249922025471006
TOTALS;adapted_harm_dbo_onto;0.9909210205078125;140;0.4371753463387954
TOTALS;adapted_harm_dbo_onto;0.9920501708984375;160;0.4497719348819795
TOTALS;adapted_harm_dbo_onto;0.9929351806640625;180;0.4627592774665429
TOTALS;adapted_harm_dbo_onto;0.9936370849609375;200;0.475737460956878
TOTALS;adapted_harm_dbo_onto;0.9942169189453125;220;0.4887794986346769
TOTALS;adapted_harm_dbo_onto;0.9946975708007812;240;0.5015689174652662
TOTALS;adapted_harm_dbo_onto;0.9951019287109375;260;0.5139971902704926
TOTALS;adapted_harm_dbo_onto;0.995452880859375;280;0.5262306414371564
TOTALS;adapted_harm_dbo_onto;0.995758056640625;300;0.5381209551175308
TOTALS;adapted_harm_dbo_onto;0.9960212707519531;320;0.5494308870004345
TOTALS;adapted_harm_dbo_onto;0.9962539672851562;340;0.5603328773870797
TOTALS;adapted_harm_dbo_onto;0.9964637756347656;360;0.570960233279459
TOTALS;adapted_harm_dbo_onto;0.9966506958007812;380;0.5811209048023569
TOTALS;adapted_harm_dbo_onto;0.9968166351318359;400;0.5907306452965457
TOTALS;adapted_harm_dbo_onto;0.9969673156738281;420;0.5999706323596556
TOTALS;adapted_harm_dbo_onto;0.9971046447753906;440;0.6088447760984244
TOTALS;adapted_harm_dbo_onto;0.9972305297851562;460;0.6173806377812973
TOTALS;adapted_harm_dbo_onto;0.9973468780517578;480;0.6256291388038631
TOTALS;adapted_harm_dbo_onto;0.9974517822265625;500;0.6333765090241591
TOTALS;adapted_rad_dbo_onto;0.93719482421875;20;0.3341283673490355
TOTALS;adapted_rad_dbo_onto;0.9683837890625;40;0.4350225303083089
TOTALS;adapted_rad_dbo_onto;0.9788665771484375;60;0.4930661876255851
TOTALS;adapted_rad_dbo_onto;0.984130859375;80;0.5329070466661342
TOTALS;adapted_rad_dbo_onto;0.9872894287109375;100;0.5629128630931758
TOTALS;adapted_rad_dbo_onto;0.989410400390625;120;0.5870637010537538
TOTALS;adapted_rad_dbo_onto;0.9909210205078125;140;0.6071175214312684
TOTALS;adapted_rad_dbo_onto;0.9920501708984375;160;0.6242662190153756
TOTALS;adapted_rad_dbo_onto;0.9929351806640625;180;0.63943997575656
TOTALS;adapted_rad_dbo_onto;0.9936370849609375;200;0.6528779747185045
TOTALS;adapted_rad_dbo_onto;0.9942169189453125;220;0.665155972864265
TOTALS;adapted_rad_dbo_onto;0.9946975708007812;240;0.6763198547703325
TOTALS;adapted_rad_dbo_onto;0.9951019287109375;260;0.6865368671462639
TOTALS;adapted_rad_dbo_onto;0.995452880859375;280;0.6961178499038478
TOTALS;adapted_rad_dbo_onto;0.995758056640625;300;0.7050671597314054
TOTALS;adapted_rad_dbo_onto;0.9960212707519531;320;0.7133075572928118
TOTALS;adapted_rad_dbo_onto;0.9962539672851562;340;0.7210409735544736
TOTALS;adapted_rad_dbo_onto;0.9964637756347656;360;0.7284113420869402
TOTALS;adapted_rad_dbo_onto;0.9966506958007812;380;0.7353244646202935
TOTALS;adapted_rad_dbo_onto;0.9968166351318359;400;0.7417581259515299
TOTALS;adapted_rad_dbo_onto;0.9969673156738281;420;0.7478597912334016
TOTALS;adapted_rad_dbo_onto;0.9971046447753906;440;0.7536505775195121
TOTALS;adapted_rad_dbo_onto;0.9972305297851562;460;0.7591632170781706
TOTALS;adapted_rad_dbo_onto;0.9973468780517578;480;0.7644420261177937
TOTALS;adapted_rad_dbo_onto;0.9974517822265625;500;0.7693608967477702
TOTALS;pagerank_ranking_att_dbpedia;0.93719482421875;20;0.3177152300246221
TOTALS;pagerank_ranking_att_dbpedia;0.9683837890625;40;0.4265572215772887
TOTALS;pagerank_ranking_att_dbpedia;0.9788665771484375;60;0.4925136434637929
TOTALS;pagerank_ranking_att_dbpedia;0.984130859375;80;0.5378184530707546
TOTALS;pagerank_ranking_att_dbpedia;0.9872894287109375;100;0.5716766605164784
TOTALS;pagerank_ranking_att_dbpedia;0.989410400390625;120;0.5985954549427326
TOTALS;pagerank_ranking_att_dbpedia;0.9909210205078125;140;0.6204626461961991
TOTALS;pagerank_ranking_att_dbpedia;0.9920501708984375;160;0.6385313641334945
TOTALS;pagerank_ranking_att_dbpedia;0.9929351806640625;180;0.6537927996556887
TOTALS;pagerank_ranking_att_dbpedia;0.9936370849609375;200;0.6665640900249294
TOTALS;pagerank_ranking_att_dbpedia;0.9942169189453125;220;0.6775042862839722
TOTALS;pagerank_ranking_att_dbpedia;0.9946975708007812;240;0.6867759688616515
TOTALS;pagerank_ranking_att_dbpedia;0.9951019287109375;260;0.6946565121945081
TOTALS;pagerank_ranking_att_dbpedia;0.995452880859375;280;0.7014998001323736
TOTALS;pagerank_ranking_att_dbpedia;0.995758056640625;300;0.7074042933377777
TOTALS;pagerank_ranking_att_dbpedia;0.9960212707519531;320;0.7124220198284625
TOTALS;pagerank_ranking_att_dbpedia;0.9962539672851562;340;0.7167668919546661
TOTALS;pagerank_ranking_att_dbpedia;0.9964637756347656;360;0.7205829687081652
TOTALS;pagerank_ranking_att_dbpedia;0.9966506958007812;380;0.723878382092442
TOTALS;pagerank_ranking_att_dbpedia;0.9968166351318359;400;0.7267026642879053
TOTALS;pagerank_ranking_att_dbpedia;0.9969673156738281;420;0.7291692986164905
TOTALS;pagerank_ranking_att_dbpedia;0.9971046447753906;440;0.7313233381234456
TOTALS;pagerank_ranking_att_dbpedia;0.9972305297851562;460;0.7332083266310384
TOTALS;pagerank_ranking_att_dbpedia;0.9973468780517578;480;0.7348651923541284
TOTALS;pagerank_ranking_att_dbpedia;0.9974517822265625;500;0.7362813702803055
TOTALS;adapted_pagerank_dbpedia_aat;0.93719482421875;20;0.32631201822051187
TOTALS;adapted_pagerank_dbpedia_aat;0.9683837890625;40;0.4327943891398753
TOTALS;adapted_pagerank_dbpedia_aat;0.9788665771484375;60;0.4965553080777396
TOTALS;adapted_pagerank_dbpedia_aat;0.984130859375;80;0.5408414104953605
TOTALS;adapted_pagerank_dbpedia_aat;0.9872894287109375;100;0.5743662461223593
TOTALS;adapted_pagerank_dbpedia_aat;0.989410400390625;120;0.6012695094235463
TOTALS;adapted_pagerank_dbpedia_aat;0.9909210205078125;140;0.6232473783369884
TOTALS;adapted_pagerank_dbpedia_aat;0.9920501708984375;160;0.6414605991286226
TOTALS;adapted_pagerank_dbpedia_aat;0.9929351806640625;180;0.6568619145136503
TOTALS;adapted_pagerank_dbpedia_aat;0.9936370849609375;200;0.6697506864991634
TOTALS;adapted_pagerank_dbpedia_aat;0.9942169189453125;220;0.6807838159229027
TOTALS;adapted_pagerank_dbpedia_aat;0.9946975708007812;240;0.6901231166262213
TOTALS;adapted_pagerank_dbpedia_aat;0.9951019287109375;260;0.6980489642650863
TOTALS;adapted_pagerank_dbpedia_aat;0.995452880859375;280;0.7049191823527704
TOTALS;adapted_pagerank_dbpedia_aat;0.995758056640625;300;0.7108348079227721
TOTALS;adapted_pagerank_dbpedia_aat;0.9960212707519531;320;0.7158507735868871
TOTALS;adapted_pagerank_dbpedia_aat;0.9962539672851562;340;0.7201836684778553
TOTALS;adapted_pagerank_dbpedia_aat;0.9964637756347656;360;0.7239792587945973
TOTALS;adapted_pagerank_dbpedia_aat;0.9966506958007812;380;0.7272476655116297
TOTALS;adapted_pagerank_dbpedia_aat;0.9968166351318359;400;0.7300402810747256
TOTALS;adapted_pagerank_dbpedia_aat;0.9969673156738281;420;0.7324712841590492
TOTALS;adapted_pagerank_dbpedia_aat;0.9971046447753906;440;0.7345866630323379
TOTALS;adapted_pagerank_dbpedia_aat;0.9972305297851562;460;0.736430636893363
TOTALS;adapted_pagerank_dbpedia_aat;0.9973468780517578;480;0.7380445296716098
TOTALS;adapted_pagerank_dbpedia_aat;0.9974517822265625;500;0.7394175348280692
TOTALS;pagerank_ott_dbpedia;0.93719482421875;20;0.30777703993128674
TOTALS;pagerank_ott_dbpedia;0.9683837890625;40;0.30124012759755503
TOTALS;pagerank_ott_dbpedia;0.9788665771484375;60;0.31202753312145887
TOTALS;pagerank_ott_dbpedia;0.984130859375;80;0.3271552496343167
TOTALS;pagerank_ott_dbpedia;0.9872894287109375;100;0.3433317213648821
TOTALS;pagerank_ott_dbpedia;0.989410400390625;120;0.3596550786504399
TOTALS;pagerank_ott_dbpedia;0.9909210205078125;140;0.375449844624494
TOTALS;pagerank_ott_dbpedia;0.9920501708984375;160;0.3903865631193481
TOTALS;pagerank_ott_dbpedia;0.9929351806640625;180;0.4044613354117661
TOTALS;pagerank_ott_dbpedia;0.9936370849609375;200;0.41737628379756275
TOTALS;pagerank_ott_dbpedia;0.9942169189453125;220;0.4293642647070847
TOTALS;pagerank_ott_dbpedia;0.9946975708007812;240;0.44028487429698715
TOTALS;pagerank_ott_dbpedia;0.9951019287109375;260;0.450200709896074
TOTALS;pagerank_ott_dbpedia;0.995452880859375;280;0.45936350018079264
TOTALS;pagerank_ott_dbpedia;0.995758056640625;300;0.467756487445822
TOTALS;pagerank_ott_dbpedia;0.9960212707519531;320;0.4753117622646392
TOTALS;pagerank_ott_dbpedia;0.9962539672851562;340;0.48223050673874956
TOTALS;pagerank_ott_dbpedia;0.9964637756347656;360;0.4886553839119936
TOTALS;pagerank_ott_dbpedia;0.9966506958007812;380;0.4945221133000527
TOTALS;pagerank_ott_dbpedia;0.9968166351318359;400;0.49983701582813145
TOTALS;pagerank_ott_dbpedia;0.9969673156738281;420;0.5047445551731276
TOTALS;pagerank_ott_dbpedia;0.9971046447753906;440;0.5092796602230266
TOTALS;pagerank_ott_dbpedia;0.9972305297851562;460;0.5134845886845472
TOTALS;pagerank_ott_dbpedia;0.9973468780517578;480;0.5174074985492201
TOTALS;pagerank_ott_dbpedia;0.9974517822265625;500;0.5209711611832105
TOTALS;pagerank_ott_adapted_dbpedia;0.93719482421875;20;0.4267073447970977
TOTALS;pagerank_ott_adapted_dbpedia;0.9683837890625;40;0.4410026315267236
TOTALS;pagerank_ott_adapted_dbpedia;0.9788665771484375;60;0.4550017019843288
TOTALS;pagerank_ott_adapted_dbpedia;0.984130859375;80;0.4680366592839106
TOTALS;pagerank_ott_adapted_dbpedia;0.9872894287109375;100;0.47991888343711525
TOTALS;pagerank_ott_adapted_dbpedia;0.989410400390625;120;0.49111819306022597
TOTALS;pagerank_ott_adapted_dbpedia;0.9909210205078125;140;0.5018466541673083
TOTALS;pagerank_ott_adapted_dbpedia;0.9920501708984375;160;0.5122676715924657
TOTALS;pagerank_ott_adapted_dbpedia;0.9929351806640625;180;0.522569481564485
TOTALS;pagerank_ott_adapted_dbpedia;0.9936370849609375;200;0.5325933230931302
TOTALS;pagerank_ott_adapted_dbpedia;0.9942169189453125;220;0.5425043049797644
TOTALS;pagerank_ott_adapted_dbpedia;0.9946975708007812;240;0.5521316734578059
TOTALS;pagerank_ott_adapted_dbpedia;0.9951019287109375;260;0.561439876410287
TOTALS;pagerank_ott_adapted_dbpedia;0.995452880859375;280;0.5705812720420045
TOTALS;pagerank_ott_adapted_dbpedia;0.995758056640625;300;0.5794619371053616
TOTALS;pagerank_ott_adapted_dbpedia;0.9960212707519531;320;0.5879147824791612
TOTALS;pagerank_ott_adapted_dbpedia;0.9962539672851562;340;0.596074036009483
TOTALS;pagerank_ott_adapted_dbpedia;0.9964637756347656;360;0.6040424210762276
TOTALS;pagerank_ott_adapted_dbpedia;0.9966506958007812;380;0.6116770436617597
TOTALS;pagerank_ott_adapted_dbpedia;0.9968166351318359;400;0.6189139005849095
TOTALS;pagerank_ott_adapted_dbpedia;0.9969673156738281;420;0.625888235712899
TOTALS;pagerank_ott_adapted_dbpedia;0.9971046447753906;440;0.6326018423588599
TOTALS;pagerank_ott_adapted_dbpedia;0.9972305297851562;460;0.6390742361618056
TOTALS;pagerank_ott_adapted_dbpedia;0.9973468780517578;480;0.6453427413430849
TOTALS;pagerank_ott_adapted_dbpedia;0.9974517822265625;500;0.651243127375276
TOTALS;hits_ott_dbpedia;0.93719482421875;20;0.26570649699352333
TOTALS;hits_ott_dbpedia;0.9683837890625;40;0.2923365436585041
TOTALS;hits_ott_dbpedia;0.9788665771484375;60;0.31752830217120126
TOTALS;hits_ott_dbpedia;0.984130859375;80;0.3394752368248218
TOTALS;hits_ott_dbpedia;0.9872894287109375;100;0.3583146890251889
TOTALS;hits_ott_dbpedia;0.989410400390625;120;0.3749305669979585
TOTALS;hits_ott_dbpedia;0.9909210205078125;140;0.3897392396297551
TOTALS;hits_ott_dbpedia;0.9920501708984375;160;0.4031106740898878
TOTALS;hits_ott_dbpedia;0.9929351806640625;180;0.41543242516631224
TOTALS;hits_ott_dbpedia;0.9936370849609375;200;0.42666536424132123
TOTALS;hits_ott_dbpedia;0.9942169189453125;220;0.4371320788234581
TOTALS;hits_ott_dbpedia;0.9946975708007812;240;0.44676824640042123
TOTALS;hits_ott_dbpedia;0.9951019287109375;260;0.45564870781008054
TOTALS;hits_ott_dbpedia;0.995452880859375;280;0.4640009805960245
TOTALS;hits_ott_dbpedia;0.995758056640625;300;0.4718026331296315
TOTALS;hits_ott_dbpedia;0.9960212707519531;320;0.4789709872545157
TOTALS;hits_ott_dbpedia;0.9962539672851562;340;0.4856739834333781
TOTALS;hits_ott_dbpedia;0.9964637756347656;360;0.492032269419116
TOTALS;hits_ott_dbpedia;0.9966506958007812;380;0.4979635655191305
TOTALS;hits_ott_dbpedia;0.9968166351318359;400;0.5034510393720515
TOTALS;hits_ott_dbpedia;0.9969673156738281;420;0.50862343203706
TOTALS;hits_ott_dbpedia;0.9971046447753906;440;0.5135013691942527
TOTALS;hits_ott_dbpedia;0.9972305297851562;460;0.5181154099830797
TOTALS;hits_ott_dbpedia;0.9973468780517578;480;0.5225054729826702
TOTALS;hits_ott_dbpedia;0.9974517822265625;500;0.5265704500823358
TOTALS;hits_ott_adapted_dbpedia;0.93719482421875;20;0.38542135193179106
TOTALS;hits_ott_adapted_dbpedia;0.9683837890625;40;0.4301802114306131
TOTALS;hits_ott_adapted_dbpedia;0.9788665771484375;60;0.46034675435812156
TOTALS;hits_ott_adapted_dbpedia;0.984130859375;80;0.48289160685015897
TOTALS;hits_ott_adapted_dbpedia;0.9872894287109375;100;0.5008743307426384
TOTALS;hits_ott_adapted_dbpedia;0.989410400390625;120;0.5162201289601008
TOTALS;hits_ott_adapted_dbpedia;0.9909210205078125;140;0.5297899186889826
TOTALS;hits_ott_adapted_dbpedia;0.9920501708984375;160;0.5421466550388139
TOTALS;hits_ott_adapted_dbpedia;0.9929351806640625;180;0.5537455784296245
TOTALS;hits_ott_adapted_dbpedia;0.9936370849609375;200;0.5645764791228055
TOTALS;hits_ott_adapted_dbpedia;0.9942169189453125;220;0.5749408421397469
TOTALS;hits_ott_adapted_dbpedia;0.9946975708007812;240;0.5847483206455686
TOTALS;hits_ott_adapted_dbpedia;0.9951019287109375;260;0.5940337023353746
TOTALS;hits_ott_adapted_dbpedia;0.995452880859375;280;0.6029977586131912
TOTALS;hits_ott_adapted_dbpedia;0.995758056640625;300;0.6115832915516739
TOTALS;hits_ott_adapted_dbpedia;0.9960212707519531;320;0.6196597870332207
TOTALS;hits_ott_adapted_dbpedia;0.9962539672851562;340;0.6273797403754744
TOTALS;hits_ott_adapted_dbpedia;0.9964637756347656;360;0.634856240838262
TOTALS;hits_ott_adapted_dbpedia;0.9966506958007812;380;0.6419682111489634
TOTALS;hits_ott_adapted_dbpedia;0.9968166351318359;400;0.6486683087865264
TOTALS;hits_ott_adapted_dbpedia;0.9969673156738281;420;0.6550911214931536
TOTALS;hits_ott_adapted_dbpedia;0.9971046447753906;440;0.6612450398699704
TOTALS;hits_ott_adapted_dbpedia;0.9972305297851562;460;0.6671534447769365
TOTALS;hits_ott_adapted_dbpedia;0.9973468780517578;480;0.6728547420470061
TOTALS;hits_ott_adapted_dbpedia;0.9974517822265625;500;0.6782037925147282
TOTALS;hits_classes_dbpedia;0.93719482421875;20;0.1556947042031164
TOTALS;hits_classes_dbpedia;0.9683837890625;40;0.18726378802187854
TOTALS;hits_classes_dbpedia;0.9788665771484375;60;0.21915740835474157
TOTALS;hits_classes_dbpedia;0.984130859375;80;0.25309916352881306
TOTALS;hits_classes_dbpedia;0.9872894287109375;100;0.2870597109787163
TOTALS;hits_classes_dbpedia;0.989410400390625;120;0.3198788313707377
TOTALS;hits_classes_dbpedia;0.9909210205078125;140;0.3504461058561197
TOTALS;hits_classes_dbpedia;0.9920501708984375;160;0.37839898785426396
TOTALS;hits_classes_dbpedia;0.9929351806640625;180;0.40398949799353856
TOTALS;hits_classes_dbpedia;0.9936370849609375;200;0.42690515182339506
TOTALS;hits_classes_dbpedia;0.9942169189453125;220;0.4477439898533581
TOTALS;hits_classes_dbpedia;0.9946975708007812;240;0.46640170080361226
TOTALS;hits_classes_dbpedia;0.9951019287109375;260;0.48309853932806157
TOTALS;hits_classes_dbpedia;0.995452880859375;280;0.4983381412265693
TOTALS;hits_classes_dbpedia;0.995758056640625;300;0.5121503374451063
TOTALS;hits_classes_dbpedia;0.9960212707519531;320;0.5244723643496012
TOTALS;hits_classes_dbpedia;0.9962539672851562;340;0.5356698138403934
TOTALS;hits_classes_dbpedia;0.9964637756347656;360;0.54599870314337
TOTALS;hits_classes_dbpedia;0.9966506958007812;380;0.5553756043227761
TOTALS;hits_classes_dbpedia;0.9968166351318359;400;0.5638281213690988
TOTALS;hits_classes_dbpedia;0.9969673156738281;420;0.5715990807609129
TOTALS;hits_classes_dbpedia;0.9971046447753906;440;0.5787531670366236
TOTALS;hits_classes_dbpedia;0.9972305297851562;460;0.5853644489811001
TOTALS;hits_classes_dbpedia;0.9973468780517578;480;0.5915143793434292
TOTALS;hits_classes_dbpedia;0.9974517822265625;500;0.5970869911301231
TOTALS;hits_adapted_classes_dbpedia;0.93719482421875;20;0.32976836651584623
TOTALS;hits_adapted_classes_dbpedia;0.9683837890625;40;0.42431605930069566
TOTALS;hits_adapted_classes_dbpedia;0.9788665771484375;60;0.4800881427112689
TOTALS;hits_adapted_classes_dbpedia;0.984130859375;80;0.5199587647222488
TOTALS;hits_adapted_classes_dbpedia;0.9872894287109375;100;0.5512310392363521
TOTALS;hits_adapted_classes_dbpedia;0.989410400390625;120;0.5771401768250778
TOTALS;hits_adapted_classes_dbpedia;0.9909210205078125;140;0.5988778528894979
TOTALS;hits_adapted_classes_dbpedia;0.9920501708984375;160;0.6172942698913298
TOTALS;hits_adapted_classes_dbpedia;0.9929351806640625;180;0.6331631275671822
TOTALS;hits_adapted_classes_dbpedia;0.9936370849609375;200;0.6466644139122356
TOTALS;hits_adapted_classes_dbpedia;0.9942169189453125;220;0.6583964563380638
TOTALS;hits_adapted_classes_dbpedia;0.9946975708007812;240;0.6684679639473758
TOTALS;hits_adapted_classes_dbpedia;0.9951019287109375;260;0.6771306000896987
TOTALS;hits_adapted_classes_dbpedia;0.995452880859375;280;0.6847390670728408
TOTALS;hits_adapted_classes_dbpedia;0.995758056640625;300;0.6913777684470386
TOTALS;hits_adapted_classes_dbpedia;0.9960212707519531;320;0.6970824922982578
TOTALS;hits_adapted_classes_dbpedia;0.9962539672851562;340;0.7020776915987963
TOTALS;hits_adapted_classes_dbpedia;0.9964637756347656;360;0.7065157639331094
TOTALS;hits_adapted_classes_dbpedia;0.9966506958007812;380;0.7103945065677971
TOTALS;hits_adapted_classes_dbpedia;0.9968166351318359;400;0.7137601773422654
TOTALS;hits_adapted_classes_dbpedia;0.9969673156738281;420;0.7167379311993509
TOTALS;hits_adapted_classes_dbpedia;0.9971046447753906;440;0.7193742161414013
TOTALS;hits_adapted_classes_dbpedia;0.9972305297851562;460;0.7217151835600519
TOTALS;hits_adapted_classes_dbpedia;0.9973468780517578;480;0.7238054465282917
TOTALS;hits_adapted_classes_dbpedia;0.9974517822265625;500;0.7256223277284721
TOTALS;instance_counting_dbpedia;0.93719482421875;20;0.3332657777299507
TOTALS;instance_counting_dbpedia;0.9683837890625;40;0.43537210649984326
TOTALS;instance_counting_dbpedia;0.9788665771484375;60;0.49441666242126064
TOTALS;instance_counting_dbpedia;0.984130859375;80;0.5355390809972321
TOTALS;instance_counting_dbpedia;0.9872894287109375;100;0.5672477724977357
TOTALS;instance_counting_dbpedia;0.989410400390625;120;0.5932944208816053
TOTALS;instance_counting_dbpedia;0.9909210205078125;140;0.6150756564390084
TOTALS;instance_counting_dbpedia;0.9920501708984375;160;0.6335179362194053
TOTALS;instance_counting_dbpedia;0.9929351806640625;180;0.6494176712222683
TOTALS;instance_counting_dbpedia;0.9936370849609375;200;0.6629569731763126
TOTALS;instance_counting_dbpedia;0.9942169189453125;220;0.6747314141746805
TOTALS;instance_counting_dbpedia;0.9946975708007812;240;0.6848447708724265
TOTALS;instance_counting_dbpedia;0.9951019287109375;260;0.6935451477525536
TOTALS;instance_counting_dbpedia;0.995452880859375;280;0.7011855204238533
TOTALS;instance_counting_dbpedia;0.995758056640625;300;0.7078484885441653
TOTALS;instance_counting_dbpedia;0.9960212707519531;320;0.7135689209256708
TOTALS;instance_counting_dbpedia;0.9962539672851562;340;0.7185716341168058
TOTALS;instance_counting_dbpedia;0.9964637756347656;360;0.7230092480472015
TOTALS;instance_counting_dbpedia;0.9966506958007812;380;0.7268799734352195
TOTALS;instance_counting_dbpedia;0.9968166351318359;400;0.7302309840972518
TOTALS;instance_counting_dbpedia;0.9969673156738281;420;0.7331879800406713
TOTALS;instance_counting_dbpedia;0.9971046447753906;440;0.7357980650801936
TOTALS;instance_counting_dbpedia;0.9972305297851562;460;0.7381079644108648
TOTALS;instance_counting_dbpedia;0.9973468780517578;480;0.7401626904986593
TOTALS;instance_counting_dbpedia;0.9974517822265625;500;0.7419412288061699
TOTALS;classrank_dbpedia;0.93719482421875;20;0.3497803992221048
TOTALS;classrank_dbpedia;0.9683837890625;40;0.47009144675213094
TOTALS;classrank_dbpedia;0.9788665771484375;60;0.5351029952386258
TOTALS;classrank_dbpedia;0.984130859375;80;0.5780600891309207
TOTALS;classrank_dbpedia;0.9872894287109375;100;0.6097475754711307
TOTALS;classrank_dbpedia;0.989410400390625;120;0.6347800203319844
TOTALS;classrank_dbpedia;0.9909210205078125;140;0.6550000094026447
TOTALS;classrank_dbpedia;0.9920501708984375;160;0.6715995686607057
TOTALS;classrank_dbpedia;0.9929351806640625;180;0.6855131375692348
TOTALS;classrank_dbpedia;0.9936370849609375;200;0.6970543650489024
TOTALS;classrank_dbpedia;0.9942169189453125;220;0.7068433176932937
TOTALS;classrank_dbpedia;0.9946975708007812;240;0.7150483482114984
TOTALS;classrank_dbpedia;0.9951019287109375;260;0.7219386698090344
TOTALS;classrank_dbpedia;0.995452880859375;280;0.7278433623242568
TOTALS;classrank_dbpedia;0.995758056640625;300;0.7328641471872678
TOTALS;classrank_dbpedia;0.9960212707519531;320;0.7370635408202627
TOTALS;classrank_dbpedia;0.9962539672851562;340;0.7406374178028822
TOTALS;classrank_dbpedia;0.9964637756347656;360;0.7437167809933766
TOTALS;classrank_dbpedia;0.9966506958007812;380;0.7463200990910338
TOTALS;classrank_dbpedia;0.9968166351318359;400;0.7484997957037078
TOTALS;classrank_dbpedia;0.9969673156738281;420;0.7503550135294971
TOTALS;classrank_dbpedia;0.9971046447753906;440;0.7519289676510881
TOTALS;classrank_dbpedia;0.9972305297851562;460;0.7532621011280797
TOTALS;classrank_dbpedia;0.9973468780517578;480;0.7543910171176955
TOTALS;classrank_dbpedia;0.9974517822265625;500;0.7553158034838059
TOTALS;cr_adapted_dbpedia;0.93719482421875;20;0.3459527317800958
TOTALS;cr_adapted_dbpedia;0.9683837890625;40;0.46253438623472914
TOTALS;cr_adapted_dbpedia;0.9788665771484375;60;0.5263756296005113
TOTALS;cr_adapted_dbpedia;0.984130859375;80;0.5689369613174831
TOTALS;cr_adapted_dbpedia;0.9872894287109375;100;0.6005974512631057
TOTALS;cr_adapted_dbpedia;0.989410400390625;120;0.6257993055749185
TOTALS;cr_adapted_dbpedia;0.9909210205078125;140;0.646289394339059
TOTALS;cr_adapted_dbpedia;0.9920501708984375;160;0.6632046694344084
TOTALS;cr_adapted_dbpedia;0.9929351806640625;180;0.6774528348213364
TOTALS;cr_adapted_dbpedia;0.9936370849609375;200;0.6893251454927285
TOTALS;cr_adapted_dbpedia;0.9942169189453125;220;0.6994384514313685
TOTALS;cr_adapted_dbpedia;0.9946975708007812;240;0.7079516472141688
TOTALS;cr_adapted_dbpedia;0.9951019287109375;260;0.7151316511661792
TOTALS;cr_adapted_dbpedia;0.995452880859375;280;0.7213122374349009
TOTALS;cr_adapted_dbpedia;0.995758056640625;300;0.7265927536031317
TOTALS;cr_adapted_dbpedia;0.9960212707519531;320;0.7310318955205517
TOTALS;cr_adapted_dbpedia;0.9962539672851562;340;0.7348305054965103
TOTALS;cr_adapted_dbpedia;0.9964637756347656;360;0.7381232599943396
TOTALS;cr_adapted_dbpedia;0.9966506958007812;380;0.7409256423291364
TOTALS;cr_adapted_dbpedia;0.9968166351318359;400;0.7432893865575212
TOTALS;cr_adapted_dbpedia;0.9969673156738281;420;0.7453178927105792
TOTALS;cr_adapted_dbpedia;0.9971046447753906;440;0.7470550403583609
TOTALS;cr_adapted_dbpedia;0.9972305297851562;460;0.7485422909636626
TOTALS;cr_adapted_dbpedia;0.9973468780517578;480;0.7498175886462318
TOTALS;cr_adapted_dbpedia;0.9974517822265625;500;0.7508776747031614
TOTALS
;betw_dbo_onto;bridging_dbo_onto;deg_dbo_onto;harm_dbo_onto;rad_dbo_onto;adapted_betw_dbo_onto;adapted_bridging_dbo_onto;adapted_deg_dbo_onto;adapted_harm_dbo_onto;adapted_rad_dbo_onto;pagerank_ranking_att_dbpedia;adapted_pagerank_dbpedia_aat;pagerank_ott_dbpedia;pagerank_ott_adapted_dbpedia;hits_ott_dbpedia;hits_ott_adapted_dbpedia;hits_classes_dbpedia;hits_adapted_classes_dbpedia;instance_counting_dbpedia;classrank_dbpedia;cr_adapted_dbpedia
20;0,23551693327940582;0,018408959464610724;0,18067912318304882;0,018560098160029938;0,06420443693175991;0,33305579827880843;0,33016003726786947;0,3547296993043003;0,31055747408552015;0,3341283673490355;0,3177152300246221;0,32631201822051187;0,30777703993128674;0,4267073447970977;0,26570649699352333;0,38542135193179106;0,1556947042031164;0,32976836651584623;0,3332657777299507;0,3497803992221048;0,3459527317800958
40;0,2559597380787434;0,07144567338407416;0,18220981795501093;0,05993306316408425;0,09210648214444182;0,4348494121851502;0,4339456177138909;0,4220968005666401;0,3657681252608425;0,4350225303083089;0,4265572215772887;0,4327943891398753;0,30124012759755503;0,4410026315267236;0,2923365436585041;0,4301802114306131;0,18726378802187854;0,42431605930069566;0,43537210649984326;0,47009144675213094;0,46253438623472914
60;0,2842919572784412;0,12152075985643505;0,19849963645860766;0,10227403918362343;0,1265990622014151;0,49369790128061053;0,4903775534092796;0,4658645458824893;0,3880084773835805;0,4930661876255851;0,4925136434637929;0,4965553080777396;0,31202753312145887;0,4550017019843288;0,31752830217120126;0,46034675435812156;0,21915740835474157;0,4800881427112689;0,49441666242126064;0,5351029952386258;0,5263756296005113
80;0,3116843846237443;0,16403359990412753;0,220478053167245;0,14258093892999524;0,1620650126498008;0,5345695653596835;0,5270334086092434;0,4985406516400396;0,40163251206213135;0,5329070466661342;0,5378184530707546;0,5408414104953605;0,3271552496343167;0,4680366592839106;0,3394752368248218;0,48289160685015897;0,25309916352881306;0,5199587647222488;0,5355390809972321;0,5780600891309207;0,5689369613174831
100;0,3356509715868278;0,19961116584452726;0,24380582784372928;0,17991534756615904;0,19627584573088913;0,5658632351802341;0,5538410248029114;0,5250760436259222;0,4132680416014114;0,5629128630931758;0,5716766605164784;0,5743662461223593;0,3433317213648821;0,47991888343711525;0,3583146890251889;0,5008743307426384;0,2870597109787163;0,5512310392363521;0,5672477724977357;0,6097475754711307;0,6005974512631057
120;0,3560309420180456;0,22962131298902416;0,2665455714203683;0,21413143021301212;0,22840147058311813;0,5914202008188275;0,5752873122736586;0,5478125865910132;0,4249922025471006;0,5870637010537538;0,5985954549427326;0,6012695094235463;0,3596550786504399;0,49111819306022597;0,3749305669979585;0,5162201289601008;0,3198788313707377;0,5771401768250778;0,5932944208816053;0,6347800203319844;0,6257993055749185
140;0,3728631830722832;0,2547070417095806;0,287305036594765;0,24465326712418892;0,25752240599365245;0,6128406389128142;0,5932189778626625;0,5675306002756293;0,4371753463387954;0,6071175214312684;0,6204626461961991;0,6232473783369884;0,375449844624494;0,5018466541673083;0,3897392396297551;0,5297899186889826;0,3504461058561197;0,5988778528894979;0,6150756564390084;0,6550000094026447;0,646289394339059
160;0,38656783401749834;0,27566595838382435;0,3055020505613796;0,271445665126491;0,2833815859235464;0,631226846490247;0,6087241625281722;0,5847840903990741;0,4497719348819795;0,6242662190153756;0,6385313641334945;0,6414605991286226;0,3903865631193481;0,5122676715924657;0,4031106740898878;0,5421466550388139;0,37839898785426396;0,6172942698913298;0,6335179362194053;0,6715995686607057;0,6632046694344084
180;0,39772849763865464;0,29338508390020873;0,32115790071519773;0,2949535430827753;0,3062773002607741;0,6474831834133166;0,622586491587789;0,6001287935426803;0,4627592774665429;0,63943997575656;0,6537927996556887;0,6568619145136503;0,4044613354117661;0,522569481564485;0,41543242516631224;0,5537455784296245;0,40398949799353856;0,6331631275671822;0,6494176712222683;0,6855131375692348;0,6774528348213364
200;0,40657939999790144;0,30813606904255064;0,334089182058102;0,31506683347979075;0,32601801836186073;0,6618232483717181;0,6349557759999941;0,6135961863614432;0,475737460956878;0,6528779747185045;0,6665640900249294;0,6697506864991634;0,41737628379756275;0,5325933230931302;0,42666536424132123;0,5645764791228055;0,42690515182339506;0,6466644139122356;0,6629569731763126;0,6970543650489024;0,6893251454927285
220;0,4136510889003051;0,320656917682176;0,3447296864411241;0,33247675714481834;0,34322486964113796;0,6748476243615718;0,6463054063648387;0,6256634667238592;0,4887794986346769;0,665155972864265;0,6775042862839722;0,6807838159229027;0,4293642647070847;0,5425043049797644;0,4371320788234581;0,5749408421397469;0,4477439898533581;0,6583964563380638;0,6747314141746805;0,7068433176932937;0,6994384514313685
240;0,41914722812483673;0,33114229599551614;0,3531667322082601;0,3472508534457901;0,3579245342710403;0,6866064533950764;0,656638390101951;0,6363441381984686;0,5015689174652662;0,6763198547703325;0,6867759688616515;0,6901231166262213;0,44028487429698715;0,5521316734578059;0,44676824640042123;0,5847483206455686;0,46640170080361226;0,6684679639473758;0,6848447708724265;0,7150483482114984;0,7079516472141688
260;0,42335128752327367;0,33993088743575983;0,3596918393645755;0,3597314163198125;0,37042497305767874;0,6972869931535104;0,6660842515222779;0,6458134782350574;0,5139971902704926;0,6865368671462639;0,6946565121945081;0,6980489642650863;0,450200709896074;0,561439876410287;0,45564870781008054;0,5940337023353746;0,48309853932806157;0,6771306000896987;0,6935451477525536;0,7219386698090344;0,7151316511661792
280;0,426556222067702;0,34744330587569366;0,36467278712757056;0,37043323636180486;0,3812179689058882;0,7072261544184658;0,6749157080513416;0,6543876981148689;0,5262306414371564;0,6961178499038478;0,7014998001323736;0,7049191823527704;0,45936350018079264;0,5705812720420045;0,4640009805960245;0,6029977586131912;0,4983381412265693;0,6847390670728408;0,7011855204238533;0,7278433623242568;0,7213122374349009
300;0,428899912296929;0,3538122195333451;0,36827293666533406;0,37949518357718254;0,39042502641788773;0,7164399839794626;0,6831289496740253;0,6621038195145051;0,5381209551175308;0,7050671597314054;0,7074042933377777;0,7108348079227721;0,467756487445822;0,5794619371053616;0,4718026331296315;0,6115832915516739;0,5121503374451063;0,6913777684470386;0,7078484885441653;0,7328641471872678;0,7265927536031317
320;0,4305055699645258;0,3591218607262109;0,3706588219533401;0,3870093943621396;0,3981211644086426;0,7248628027153668;0,6906516415873271;0,6689433908053525;0,5494308870004345;0,7133075572928118;0,7124220198284625;0,7158507735868871;0,4753117622646392;0,5879147824791612;0,4789709872545157;0,6196597870332207;0,5244723643496012;0,6970824922982578;0,7135689209256708;0,7370635408202627;0,7310318955205517
340;0,43153727451941853;0,3636248898773634;0,37207368205082003;0,3933216077897949;0,40464386390948054;0,7327137986846333;0,6976700794687387;0,6751220046401538;0,5603328773870797;0,7210409735544736;0,7167668919546661;0,7201836684778553;0,48223050673874956;0,596074036009483;0,4856739834333781;0,6273797403754744;0,5356698138403934;0,7020776915987963;0,7185716341168058;0,7406374178028822;0,7348305054965103
360;0,4321005801228257;0,3674903197453616;0,3726747050313313;0,3986642699584918;0,41022095844539924;0,7401481653691172;0,7043168811519674;0,6807892651044075;0,570960233279459;0,7284113420869402;0,7205829687081652;0,7239792587945973;0,4886553839119936;0,6040424210762276;0,492032269419116;0,634856240838262;0,54599870314337;0,7065157639331094;0,7230092480472015;0,7437167809933766;0,7381232599943396
380;0,43226493848269953;0,3707450440973754;0,3725763195305472;0,40307730731147245;0,41488225659218153;0,7470792182317442;0,7105104815657698;0,6859062970632327;0,5811209048023569;0,7353244646202935;0,723878382092442;0,7272476655116297;0,4945221133000527;0,6116770436617597;0,4979635655191305;0,6419682111489634;0,5553756043227761;0,7103945065677971;0,7268799734352195;0,7463200990910338;0,7409256423291364
400;0,43210927584416137;0,37345847507395935;0,3719127236125111;0,40666622082810805;0,41872558853606406;0,7534935913699596;0,7162366063702047;0,690494927922183;0,5907306452965457;0,7417581259515299;0,7267026642879053;0,7300402810747256;0,49983701582813145;0,6189139005849095;0,5034510393720515;0,6486683087865264;0,5638281213690988;0,7137601773422654;0,7302309840972518;0,7484997957037078;0,7432893865575212
420;0,4316939139462038;0,3757573152191939;0,37077898044744695;0,40961220425040595;0,4219326369091661;0,759545571029737;0,7216317832474684;0,6946923575714993;0,5999706323596556;0,7478597912334016;0,7291692986164905;0,7324712841590492;0,5047445551731276;0,625888235712899;0,50862343203706;0,6550911214931536;0,5715990807609129;0,7167379311993509;0,7331879800406713;0,7503550135294971;0,7453178927105792
440;0,431065044533292;0,37769773887344327;0,36925453407192044;0,41200040312279196;0,42458555105956924;0,7652615656760153;0,7267189484647493;0,6985375413184445;0,6088447760984244;0,7536505775195121;0,7313233381234456;0,7345866630323379;0,5092796602230266;0,6326018423588599;0,5135013691942527;0,6612450398699704;0,5787531670366236;0,7193742161414013;0,7357980650801936;0,7519289676510881;0,7470550403583609
460;0,4302597035334482;0,379331959632449;0,3674032780195914;0,41390968946928475;0,42676147172502266;0,7706785850351207;0,7315309344933618;0,7020737322423902;0,6173806377812973;0,7591632170781706;0,7332083266310384;0,736430636893363;0,5134845886845472;0,6390742361618056;0,5181154099830797;0,6671534447769365;0,5853644489811001;0,7217151835600519;0,7381079644108648;0,7532621011280797;0,7485422909636626
480;0,4293045816829569;0,38070690376324257;0,36527042461821546;0,41540969586837073;0,42852959328838824;0,7758440426117426;0,7361100143235701;0,7053473461645213;0,6256291388038631;0,7644420261177937;0,7348651923541284;0,7380445296716098;0,5174074985492201;0,6453427413430849;0,5225054729826702;0,6728547420470061;0,5915143793434292;0,7238054465282917;0,7401626904986593;0,7543910171176955;0,7498175886462318
500;0,4282568202573491;0,38182487172572377;0,3629709340126181;0,4165226135127492;0,42990313726217433;0,7806385715829044;0,7403510979178141;0,7082996618716371;0,6333765090241591;0,7693608967477702;0,7362813702803055;0,7394175348280692;0,5209711611832105;0,651243127375276;0,5265704500823358;0,6782037925147282;0,5970869911301231;0,7256223277284721;0,7419412288061699;0,7553158034838059;0,7508776747031614
HUMNANS;betw_dbo_onto;0.8763427734375;10;0.186872559700927
HUMNANS;betw_dbo_onto;0.916748046875;15;0.18746358531339166
HUMNANS;betw_dbo_onto;0.93719482421875;20;0.18993391951710983
HUMNANS;betw_dbo_onto;0.949615478515625;25;0.19477290238317801
HUMNANS;betw_dbo_onto;0.95794677734375;30;0.20115556360200793
HUMNANS;betw_dbo_onto;0.963897705078125;35;0.20844688900971767
HUMNANS;betw_dbo_onto;0.9683837890625;40;0.21630474400292937
HUMNANS;betw_dbo_onto;0.97186279296875;45;0.22441638825915566
HUMNANS;betw_dbo_onto;0.97467041015625;50;0.23270933858608242
HUMNANS;betw_dbo_onto;0.976959228515625;55;0.2409658388740942
HUMNANS;betw_dbo_onto;0.9788665771484375;60;0.24912736024573515
HUMNANS;bridging_dbo_onto;0.8763427734375;10;0.003146957734262351
HUMNANS;bridging_dbo_onto;0.916748046875;15;0.011683740148978099
HUMNANS;bridging_dbo_onto;0.93719482421875;20;0.023607883392286835
HUMNANS;bridging_dbo_onto;0.949615478515625;25;0.036993972167284915
HUMNANS;bridging_dbo_onto;0.95794677734375;30;0.05077329831837323
HUMNANS;bridging_dbo_onto;0.963897705078125;35;0.06440097592894153
HUMNANS;bridging_dbo_onto;0.9683837890625;40;0.07775037100505797
HUMNANS;bridging_dbo_onto;0.97186279296875;45;0.09063571741901948
HUMNANS;bridging_dbo_onto;0.97467041015625;50;0.10318224307474137
HUMNANS;bridging_dbo_onto;0.976959228515625;55;0.1152331568465456
HUMNANS;bridging_dbo_onto;0.9788665771484375;60;0.12683455639799912
HUMNANS;deg_dbo_onto;0.8763427734375;10;0.1220076045259608
HUMNANS;deg_dbo_onto;0.916748046875;15;0.1282677545388195
HUMNANS;deg_dbo_onto;0.93719482421875;20;0.13074409467144613
HUMNANS;deg_dbo_onto;0.949615478515625;25;0.13356420783058326
HUMNANS;deg_dbo_onto;0.95794677734375;30;0.1373378676060431
HUMNANS;deg_dbo_onto;0.963897705078125;35;0.14196680804929537
HUMNANS;deg_dbo_onto;0.9683837890625;40;0.14728813476415648
HUMNANS;deg_dbo_onto;0.97186279296875;45;0.15308542865452973
HUMNANS;deg_dbo_onto;0.97467041015625;50;0.1592927013246002
HUMNANS;deg_dbo_onto;0.976959228515625;55;0.16573318644028007
HUMNANS;deg_dbo_onto;0.9788665771484375;60;0.17234603594520426
HUMNANS;harm_dbo_onto;0.8763427734375;10;0.007698747058491705
HUMNANS;harm_dbo_onto;0.916748046875;15;0.018078134765927886
HUMNANS;harm_dbo_onto;0.93719482421875;20;0.02970012192557965
HUMNANS;harm_dbo_onto;0.949615478515625;25;0.04159644235683791
HUMNANS;harm_dbo_onto;0.95794677734375;30;0.05335534302922665
HUMNANS;harm_dbo_onto;0.963897705078125;35;0.0648114207732042
HUMNANS;harm_dbo_onto;0.9683837890625;40;0.07602164077790739
HUMNANS;harm_dbo_onto;0.97186279296875;45;0.086918330717183
HUMNANS;harm_dbo_onto;0.97467041015625;50;0.0976557337068135
HUMNANS;harm_dbo_onto;0.976959228515625;55;0.10812498220810964
HUMNANS;harm_dbo_onto;0.9788665771484375;60;0.11837590793049231
HUMNANS;rad_dbo_onto;0.8763427734375;10;0.05765852827422131
HUMNANS;rad_dbo_onto;0.916748046875;15;0.06520499781778037
HUMNANS;rad_dbo_onto;0.93719482421875;20;0.072953639659032
HUMNANS;rad_dbo_onto;0.949615478515625;25;0.08129966573053002
HUMNANS;rad_dbo_onto;0.95794677734375;30;0.08997329323684204
HUMNANS;rad_dbo_onto;0.963897705078125;35;0.09876436697206702
HUMNANS;rad_dbo_onto;0.9683837890625;40;0.10764201296916172
HUMNANS;rad_dbo_onto;0.97186279296875;45;0.11649731529569439
HUMNANS;rad_dbo_onto;0.97467041015625;50;0.12541526378478002
HUMNANS;rad_dbo_onto;0.976959228515625;55;0.13427422986765788
HUMNANS;rad_dbo_onto;0.9788665771484375;60;0.14308910620049292
HUMNANS;adapted_betw_dbo_onto;0.8763427734375;10;0.20128947490031285
HUMNANS;adapted_betw_dbo_onto;0.916748046875;15;0.2642998273256662
HUMNANS;adapted_betw_dbo_onto;0.93719482421875;20;0.3065959728556941
HUMNANS;adapted_betw_dbo_onto;0.949615478515625;25;0.3386122174012043
HUMNANS;adapted_betw_dbo_onto;0.95794677734375;30;0.36438750527471686
HUMNANS;adapted_betw_dbo_onto;0.963897705078125;35;0.3858775958789622
HUMNANS;adapted_betw_dbo_onto;0.9683837890625;40;0.40439831774075014
HUMNANS;adapted_betw_dbo_onto;0.97186279296875;45;0.4205611159430811
HUMNANS;adapted_betw_dbo_onto;0.97467041015625;50;0.4350621916019836
HUMNANS;adapted_betw_dbo_onto;0.976959228515625;55;0.4480792564200559
HUMNANS;adapted_betw_dbo_onto;0.9788665771484375;60;0.45992572584175323
HUMNANS;adapted_bridging_dbo_onto;0.8763427734375;10;0.16942318692104727
HUMNANS;adapted_bridging_dbo_onto;0.916748046875;15;0.2282440783781773
HUMNANS;adapted_bridging_dbo_onto;0.93719482421875;20;0.2705028704610612
HUMNANS;adapted_bridging_dbo_onto;0.949615478515625;25;0.3033603390179487
HUMNANS;adapted_bridging_dbo_onto;0.95794677734375;30;0.3299792070631936
HUMNANS;adapted_bridging_dbo_onto;0.963897705078125;35;0.3521022028150663
HUMNANS;adapted_bridging_dbo_onto;0.9683837890625;40;0.37103264133790803
HUMNANS;adapted_bridging_dbo_onto;0.97186279296875;45;0.3874143160465929
HUMNANS;adapted_bridging_dbo_onto;0.97467041015625;50;0.40198843021727143
HUMNANS;adapted_bridging_dbo_onto;0.976959228515625;55;0.4149694404034594
HUMNANS;adapted_bridging_dbo_onto;0.9788665771484375;60;0.42670259803300536
HUMNANS;adapted_deg_dbo_onto;0.8763427734375;10;0.17621296866524172
HUMNANS;adapted_deg_dbo_onto;0.916748046875;15;0.20926572863930604
HUMNANS;adapted_deg_dbo_onto;0.93719482421875;20;0.23424294795286082
HUMNANS;adapted_deg_dbo_onto;0.949615478515625;25;0.25597119224622056
HUMNANS;adapted_deg_dbo_onto;0.95794677734375;30;0.2755327018361682
HUMNANS;adapted_deg_dbo_onto;0.963897705078125;35;0.2932882910799517
HUMNANS;adapted_deg_dbo_onto;0.9683837890625;40;0.3096210599730526
HUMNANS;adapted_deg_dbo_onto;0.97186279296875;45;0.3246221640555922
HUMNANS;adapted_deg_dbo_onto;0.97467041015625;50;0.33864642816107654
HUMNANS;adapted_deg_dbo_onto;0.976959228515625;55;0.35166968869873844
HUMNANS;adapted_deg_dbo_onto;0.9788665771484375;60;0.3638630198994581
HUMNANS;adapted_harm_dbo_onto;0.8763427734375;10;0.21481058496404923
HUMNANS;adapted_harm_dbo_onto;0.916748046875;15;0.269385877920872
HUMNANS;adapted_harm_dbo_onto;0.93719482421875;20;0.3011114277446449
HUMNANS;adapted_harm_dbo_onto;0.949615478515625;25;0.32229924575181784
HUMNANS;adapted_harm_dbo_onto;0.95794677734375;30;0.3376927924678231
HUMNANS;adapted_harm_dbo_onto;0.963897705078125;35;0.3495008318763381
HUMNANS;adapted_harm_dbo_onto;0.9683837890625;40;0.3590035367604704
HUMNANS;adapted_harm_dbo_onto;0.97186279296875;45;0.36684011982371467
HUMNANS;adapted_harm_dbo_onto;0.97467041015625;50;0.37355348290111434
HUMNANS;adapted_harm_dbo_onto;0.976959228515625;55;0.379364576979015
HUMNANS;adapted_harm_dbo_onto;0.9788665771484375;60;0.3845148527078191
HUMNANS;adapted_rad_dbo_onto;0.8763427734375;10;0.2011067250031731
HUMNANS;adapted_rad_dbo_onto;0.916748046875;15;0.26392773652638285
HUMNANS;adapted_rad_dbo_onto;0.93719482421875;20;0.30614661329876347
HUMNANS;adapted_rad_dbo_onto;0.949615478515625;25;0.33817358603486747
HUMNANS;adapted_rad_dbo_onto;0.95794677734375;30;0.3640121630694478
HUMNANS;adapted_rad_dbo_onto;0.963897705078125;35;0.3855933809050169
HUMNANS;adapted_rad_dbo_onto;0.9683837890625;40;0.4042171556090281
HUMNANS;adapted_rad_dbo_onto;0.97186279296875;45;0.4204817570892949
HUMNANS;adapted_rad_dbo_onto;0.97467041015625;50;0.4350745413072723
HUMNANS;adapted_rad_dbo_onto;0.976959228515625;55;0.44816405819864114
HUMNANS;adapted_rad_dbo_onto;0.9788665771484375;60;0.46005813514774224
HUMNANS;pagerank_ranking_att_dbpedia;0.8763427734375;10;0.1724805687269529
HUMNANS;pagerank_ranking_att_dbpedia;0.916748046875;15;0.2275492558250992
HUMNANS;pagerank_ranking_att_dbpedia;0.93719482421875;20;0.26672002033914716
HUMNANS;pagerank_ranking_att_dbpedia;0.949615478515625;25;0.29778159417078626
HUMNANS;pagerank_ranking_att_dbpedia;0.95794677734375;30;0.32371590891387064
HUMNANS;pagerank_ranking_att_dbpedia;0.963897705078125;35;0.3459586587630481
HUMNANS;pagerank_ranking_att_dbpedia;0.9683837890625;40;0.3655503321016046
HUMNANS;pagerank_ranking_att_dbpedia;0.97186279296875;45;0.3829345731835084
HUMNANS;pagerank_ranking_att_dbpedia;0.97467041015625;50;0.39872915517571067
HUMNANS;pagerank_ranking_att_dbpedia;0.976959228515625;55;0.41304191556978465
HUMNANS;pagerank_ranking_att_dbpedia;0.9788665771484375;60;0.4261590272159483
HUMNANS;adapted_pagerank_dbpedia_aat;0.8763427734375;10;0.1800396158393002
HUMNANS;adapted_pagerank_dbpedia_aat;0.916748046875;15;0.23875687494324246
HUMNANS;adapted_pagerank_dbpedia_aat;0.93719482421875;20;0.2800663280833134
HUMNANS;adapted_pagerank_dbpedia_aat;0.949615478515625;25;0.31275442177263907
HUMNANS;adapted_pagerank_dbpedia_aat;0.95794677734375;30;0.3400035311692934
HUMNANS;adapted_pagerank_dbpedia_aat;0.963897705078125;35;0.3632892294639999
HUMNANS;adapted_pagerank_dbpedia_aat;0.9683837890625;40;0.38368882502349966
HUMNANS;adapted_pagerank_dbpedia_aat;0.97186279296875;45;0.4016746695680659
HUMNANS;adapted_pagerank_dbpedia_aat;0.97467041015625;50;0.41790644713413216
HUMNANS;adapted_pagerank_dbpedia_aat;0.976959228515625;55;0.4325183397648954
HUMNANS;adapted_pagerank_dbpedia_aat;0.9788665771484375;60;0.4458261433275311
HUMNANS;pagerank_ott_dbpedia;0.8763427734375;10;0.20152544408938572
HUMNANS;pagerank_ott_dbpedia;0.916748046875;15;0.20390399743384485
HUMNANS;pagerank_ott_dbpedia;0.93719482421875;20;0.2041221762566717
HUMNANS;pagerank_ott_dbpedia;0.949615478515625;25;0.20548848364042557
HUMNANS;pagerank_ott_dbpedia;0.95794677734375;30;0.208248230716189
HUMNANS;pagerank_ott_dbpedia;0.963897705078125;35;0.2121165905367632
HUMNANS;pagerank_ott_dbpedia;0.9683837890625;40;0.21680822546644488
HUMNANS;pagerank_ott_dbpedia;0.97186279296875;45;0.22203400989813998
HUMNANS;pagerank_ott_dbpedia;0.97467041015625;50;0.22767077410672504
HUMNANS;pagerank_ott_dbpedia;0.976959228515625;55;0.23351829170383512
HUMNANS;pagerank_ott_dbpedia;0.9788665771484375;60;0.23949835440985437
HUMNANS;pagerank_ott_adapted_dbpedia;0.8763427734375;10;0.23033157982367664
HUMNANS;pagerank_ott_adapted_dbpedia;0.916748046875;15;0.2463380778625868
HUMNANS;pagerank_ott_adapted_dbpedia;0.93719482421875;20;0.2559246427182108
HUMNANS;pagerank_ott_adapted_dbpedia;0.949615478515625;25;0.2640098269165309
HUMNANS;pagerank_ott_adapted_dbpedia;0.95794677734375;30;0.2718094174656545
HUMNANS;pagerank_ott_adapted_dbpedia;0.963897705078125;35;0.27957040125975013
HUMNANS;pagerank_ott_adapted_dbpedia;0.9683837890625;40;0.2873498452048003
HUMNANS;pagerank_ott_adapted_dbpedia;0.97186279296875;45;0.2950341600578023
HUMNANS;pagerank_ott_adapted_dbpedia;0.97467041015625;50;0.3026598441908574
HUMNANS;pagerank_ott_adapted_dbpedia;0.976959228515625;55;0.31009272419290274
HUMNANS;pagerank_ott_adapted_dbpedia;0.9788665771484375;60;0.3173293805605442
HUMNANS;hits_ott_dbpedia;0.8763427734375;10;0.23176046804318418
HUMNANS;hits_ott_dbpedia;0.916748046875;15;0.24254996307961957
HUMNANS;hits_ott_dbpedia;0.93719482421875;20;0.24782971282149285
HUMNANS;hits_ott_dbpedia;0.949615478515625;25;0.2529271868947268
HUMNANS;hits_ott_dbpedia;0.95794677734375;30;0.25858999819894296
HUMNANS;hits_ott_dbpedia;0.963897705078125;35;0.2646800722720578
HUMNANS;hits_ott_dbpedia;0.9683837890625;40;0.27101667550041547
HUMNANS;hits_ott_dbpedia;0.97186279296875;45;0.2773791773485888
HUMNANS;hits_ott_dbpedia;0.97467041015625;50;0.2837303368637046
HUMNANS;hits_ott_dbpedia;0.976959228515625;55;0.2899249980404222
HUMNANS;hits_ott_dbpedia;0.9788665771484375;60;0.2959452067740917
HUMNANS;hits_ott_adapted_dbpedia;0.8763427734375;10;0.22312610382868692
HUMNANS;hits_ott_adapted_dbpedia;0.916748046875;15;0.2553838322669469
HUMNANS;hits_ott_adapted_dbpedia;0.93719482421875;20;0.27440957087025303
HUMNANS;hits_ott_adapted_dbpedia;0.949615478515625;25;0.2890746268797431
HUMNANS;hits_ott_adapted_dbpedia;0.95794677734375;30;0.30178660593937684
HUMNANS;hits_ott_adapted_dbpedia;0.963897705078125;35;0.31328090638133915
HUMNANS;hits_ott_adapted_dbpedia;0.9683837890625;40;0.3239312285959825
HUMNANS;hits_ott_adapted_dbpedia;0.97186279296875;45;0.3338072461936834
HUMNANS;hits_ott_adapted_dbpedia;0.97467041015625;50;0.34312216584790434
HUMNANS;hits_ott_adapted_dbpedia;0.976959228515625;55;0.35183527534700215
HUMNANS;hits_ott_adapted_dbpedia;0.9788665771484375;60;0.360039149322728
HUMNANS;hits_classes_dbpedia;0.8763427734375;10;0.14832947605395205
HUMNANS;hits_classes_dbpedia;0.916748046875;15;0.18990004632399374
HUMNANS;hits_classes_dbpedia;0.93719482421875;20;0.21731824337398883
HUMNANS;hits_classes_dbpedia;0.949615478515625;25;0.23750858941311864
HUMNANS;hits_classes_dbpedia;0.95794677734375;30;0.253438202958842
HUMNANS;hits_classes_dbpedia;0.963897705078125;35;0.2666578684335869
HUMNANS;hits_classes_dbpedia;0.9683837890625;40;0.2781887220523672
HUMNANS;hits_classes_dbpedia;0.97186279296875;45;0.2885180763672977
HUMNANS;hits_classes_dbpedia;0.97467041015625;50;0.2981302464873486
HUMNANS;hits_classes_dbpedia;0.976959228515625;55;0.3071397124525216
HUMNANS;hits_classes_dbpedia;0.9788665771484375;60;0.3157300887797463
HUMNANS;hits_adapted_classes_dbpedia;0.8763427734375;10;0.21178322285425097
HUMNANS;hits_adapted_classes_dbpedia;0.916748046875;15;0.2751209377476949
HUMNANS;hits_adapted_classes_dbpedia;0.93719482421875;20;0.31694273249355703
HUMNANS;hits_adapted_classes_dbpedia;0.949615478515625;25;0.348158385793125
HUMNANS;hits_adapted_classes_dbpedia;0.95794677734375;30;0.37306052492447905
HUMNANS;hits_adapted_classes_dbpedia;0.963897705078125;35;0.3937237196442653
HUMNANS;hits_adapted_classes_dbpedia;0.9683837890625;40;0.4115011079591218
HUMNANS;hits_adapted_classes_dbpedia;0.97186279296875;45;0.4270181615434562
HUMNANS;hits_adapted_classes_dbpedia;0.97467041015625;50;0.4409583981207745
HUMNANS;hits_adapted_classes_dbpedia;0.976959228515625;55;0.4534970130616394
HUMNANS;hits_adapted_classes_dbpedia;0.9788665771484375;60;0.46493536214745584
HUMNANS;instance_counting_dbpedia;0.8763427734375;10;0.20131885904413668
HUMNANS;instance_counting_dbpedia;0.916748046875;15;0.2644049893648723
HUMNANS;instance_counting_dbpedia;0.93719482421875;20;0.3067851415795467
HUMNANS;instance_counting_dbpedia;0.949615478515625;25;0.3388799266045143
HUMNANS;instance_counting_dbpedia;0.95794677734375;30;0.3647262021113395
HUMNANS;instance_counting_dbpedia;0.963897705078125;35;0.38627955894324284
HUMNANS;instance_counting_dbpedia;0.9683837890625;40;0.4048566802773643
HUMNANS;instance_counting_dbpedia;0.97186279296875;45;0.42106955350292086
HUMNANS;instance_counting_dbpedia;0.97467041015625;50;0.43561670304838096
HUMNANS;instance_counting_dbpedia;0.976959228515625;55;0.4486778466266301
HUMNANS;instance_counting_dbpedia;0.9788665771484375;60;0.4605697639709359
HUMNANS;classrank_dbpedia;0.8763427734375;10;0.2272726462578053
HUMNANS;classrank_dbpedia;0.916748046875;15;0.2913862344093701
HUMNANS;classrank_dbpedia;0.93719482421875;20;0.3325694360562323
HUMNANS;classrank_dbpedia;0.949615478515625;25;0.3627708919189766
HUMNANS;classrank_dbpedia;0.95794677734375;30;0.38669968400049914
HUMNANS;classrank_dbpedia;0.963897705078125;35;0.40656716871825704
HUMNANS;classrank_dbpedia;0.9683837890625;40;0.4237377587094822
HUMNANS;classrank_dbpedia;0.97186279296875;45;0.438817197980822
HUMNANS;classrank_dbpedia;0.97467041015625;50;0.4524509949750536
HUMNANS;classrank_dbpedia;0.976959228515625;55;0.4647872812130524
HUMNANS;classrank_dbpedia;0.9788665771484375;60;0.4760998255475646
HUMNANS;cr_adapted_dbpedia;0.8763427734375;10;0.2034154785224861
HUMNANS;cr_adapted_dbpedia;0.916748046875;15;0.26988468337746946
HUMNANS;cr_adapted_dbpedia;0.93719482421875;20;0.31505783581318764
HUMNANS;cr_adapted_dbpedia;0.949615478515625;25;0.34909739119473465
HUMNANS;cr_adapted_dbpedia;0.95794677734375;30;0.3762818862637214
HUMNANS;cr_adapted_dbpedia;0.963897705078125;35;0.3987737548874164
HUMNANS;cr_adapted_dbpedia;0.9683837890625;40;0.4180324042227781
HUMNANS;cr_adapted_dbpedia;0.97186279296875;45;0.43474944106975144
HUMNANS;cr_adapted_dbpedia;0.97467041015625;50;0.44968153127564553
HUMNANS;cr_adapted_dbpedia;0.976959228515625;55;0.463036281675739
HUMNANS;cr_adapted_dbpedia;0.9788665771484375;60;0.4751532065732944
HUMANS
;betw_dbo_onto;bridging_dbo_onto;deg_dbo_onto;harm_dbo_onto;rad_dbo_onto;adapted_betw_dbo_onto;adapted_bridging_dbo_onto;adapted_deg_dbo_onto;adapted_harm_dbo_onto;adapted_rad_dbo_onto;pagerank_ranking_att_dbpedia;adapted_pagerank_dbpedia_aat;pagerank_ott_dbpedia;pagerank_ott_adapted_dbpedia;hits_ott_dbpedia;hits_ott_adapted_dbpedia;hits_classes_dbpedia;hits_adapted_classes_dbpedia;instance_counting_dbpedia;classrank_dbpedia;cr_adapted_dbpedia
10;0,186872559700927;0,003146957734262351;0,1220076045259608;0,007698747058491705;0,05765852827422131;0,20128947490031285;0,16942318692104727;0,17621296866524172;0,21481058496404923;0,2011067250031731;0,1724805687269529;0,1800396158393002;0,20152544408938572;0,23033157982367664;0,23176046804318418;0,22312610382868692;0,14832947605395205;0,21178322285425097;0,20131885904413668;0,2272726462578053;0,2034154785224861
15;0,18746358531339166;0,011683740148978099;0,1282677545388195;0,018078134765927886;0,06520499781778037;0,2642998273256662;0,2282440783781773;0,20926572863930604;0,269385877920872;0,26392773652638285;0,2275492558250992;0,23875687494324246;0,20390399743384485;0,2463380778625868;0,24254996307961957;0,2553838322669469;0,18990004632399374;0,2751209377476949;0,2644049893648723;0,2913862344093701;0,26988468337746946
20;0,18993391951710983;0,023607883392286835;0,13074409467144613;0,02970012192557965;0,072953639659032;0,3065959728556941;0,2705028704610612;0,23424294795286082;0,3011114277446449;0,30614661329876347;0,26672002033914716;0,2800663280833134;0,2041221762566717;0,2559246427182108;0,24782971282149285;0,27440957087025303;0,21731824337398883;0,31694273249355703;0,3067851415795467;0,3325694360562323;0,31505783581318764
25;0,19477290238317801;0,036993972167284915;0,13356420783058326;0,04159644235683791;0,08129966573053002;0,3386122174012043;0,3033603390179487;0,25597119224622056;0,32229924575181784;0,33817358603486747;0,29778159417078626;0,31275442177263907;0,20548848364042557;0,2640098269165309;0,2529271868947268;0,2890746268797431;0,23750858941311864;0,348158385793125;0,3388799266045143;0,3627708919189766;0,34909739119473465
30;0,20115556360200793;0,05077329831837323;0,1373378676060431;0,05335534302922665;0,08997329323684204;0,36438750527471686;0,3299792070631936;0,2755327018361682;0,3376927924678231;0,3640121630694478;0,32371590891387064;0,3400035311692934;0,208248230716189;0,2718094174656545;0,25858999819894296;0,30178660593937684;0,253438202958842;0,37306052492447905;0,3647262021113395;0,38669968400049914;0,3762818862637214
35;0,20844688900971767;0,06440097592894153;0,14196680804929537;0,0648114207732042;0,09876436697206702;0,3858775958789622;0,3521022028150663;0,2932882910799517;0,3495008318763381;0,3855933809050169;0,3459586587630481;0,3632892294639999;0,2121165905367632;0,27957040125975013;0,2646800722720578;0,31328090638133915;0,2666578684335869;0,3937237196442653;0,38627955894324284;0,40656716871825704;0,3987737548874164
40;0,21630474400292937;0,07775037100505797;0,14728813476415648;0,07602164077790739;0,10764201296916172;0,40439831774075014;0,37103264133790803;0,3096210599730526;0,3590035367604704;0,4042171556090281;0,3655503321016046;0,38368882502349966;0,21680822546644488;0,2873498452048003;0,27101667550041547;0,3239312285959825;0,2781887220523672;0,4115011079591218;0,4048566802773643;0,4237377587094822;0,4180324042227781
45;0,22441638825915566;0,09063571741901948;0,15308542865452973;0,086918330717183;0,11649731529569439;0,4205611159430811;0,3874143160465929;0,3246221640555922;0,36684011982371467;0,4204817570892949;0,3829345731835084;0,4016746695680659;0,22203400989813998;0,2950341600578023;0,2773791773485888;0,3338072461936834;0,2885180763672977;0,4270181615434562;0,42106955350292086;0,438817197980822;0,43474944106975144
50;0,23270933858608242;0,10318224307474137;0,1592927013246002;0,0976557337068135;0,12541526378478002;0,4350621916019836;0,40198843021727143;0,33864642816107654;0,37355348290111434;0,4350745413072723;0,39872915517571067;0,41790644713413216;0,22767077410672504;0,3026598441908574;0,2837303368637046;0,34312216584790434;0,2981302464873486;0,4409583981207745;0,43561670304838096;0,4524509949750536;0,44968153127564553
55;0,2409658388740942;0,1152331568465456;0,16573318644028007;0,10812498220810964;0,13427422986765788;0,4480792564200559;0,4149694404034594;0,35166968869873844;0,379364576979015;0,44816405819864114;0,41304191556978465;0,4325183397648954;0,23351829170383512;0,31009272419290274;0,2899249980404222;0,35183527534700215;0,3071397124525216;0,4534970130616394;0,4486778466266301;0,4647872812130524;0,463036281675739
60;0,24912736024573515;0,12683455639799912;0,17234603594520426;0,11837590793049231;0,14308910620049292;0,45992572584175323;0,42670259803300536;0,3638630198994581;0,3845148527078191;0,46005813514774224;0,4261590272159483;0,4458261433275311;0,23949835440985437;0,3173293805605442;0,2959452067740917;0,360039149322728;0,3157300887797463;0,46493536214745584;0,4605697639709359;0,4760998255475646;0,4751532065732944
